set,rank,job,bc2_iptm,cyclic,n_seeds,px_iptm_mean,px_iptm_sd,px_iptm_min,px_iptm_max,jaccard_mean,jaccard_sd,jaccard_min,jaccard_max,hotspots_mean,nc_dist_mean,consensus_residues
cyc,1,rbp4cyc_r01_l15,0.77,True,5,0.817,0.113,0.615,0.879,0.81,0.08,0.69,0.91,4.8,1.41,"62,63,65,66,67,68,69,93,94,95,96,173"
cyc,2,rbp4cyc_r02_l17,0.74,True,5,0.616,0.045,0.564,0.683,0.69,0.05,0.61,0.73,2.8,1.34,"66,67,68,69,70,72,93,94,96,97,173"
cyc,3,rbp4cyc_r03_l17,0.79,True,5,0.412,0.055,0.326,0.476,0.14,0.31,0.0,0.69,0.6,1.3,"28,146,149,150,152,153,156,157,162,163,164,165,166,167"
cyc,4,rbp4cyc_r04_l15,0.77,True,5,0.882,0.006,0.875,0.892,0.75,0.29,0.23,0.93,4.6,1.34,"62,63,65,66,67,68,69,70,71,72,93,94,95,96,173"
cyc,5,rbp4cyc_r05_l19,0.73,True,5,0.5,0.015,0.477,0.514,0.0,0.0,0.0,0.0,0.0,1.33,"27,28,136,141,142,143,144,146,149,152,153,156,163,164,165,166,167,168,169,170"
cyc,6,rbp4cyc_r06_l16,0.73,True,5,0.818,0.125,0.597,0.899,0.76,0.08,0.67,0.88,2.2,1.36,"63,66,67,68,69,94,96,173"
cyc,7,rbp4cyc_r07_l16,0.72,True,5,0.704,0.032,0.672,0.743,0.82,0.09,0.73,0.91,2.6,1.38,"63,65,66,67,68,69,70,94,95,96,173"
cyc,8,rbp4cyc_r08_l14,0.73,True,5,0.875,0.036,0.811,0.897,0.72,0.04,0.67,0.75,2.0,1.36,"63,65,66,67,68,69,70,94,96,173"
cyc,9,rbp4cyc_r09_l20,0.75,True,5,0.811,0.038,0.746,0.843,0.54,0.07,0.44,0.6,3.0,1.38,"66,67,68,69,70,71,72,93,94,96,97,172,173"
cyc,10,rbp4cyc_r10_l20,0.66,True,5,0.564,0.077,0.513,0.701,0.15,0.34,0.0,0.77,1.0,1.33,"27,28,136,141,142,143,144,145,146,149,152,153,156,165,166,167,168,169,170"
lin,1,rbp4lin_r01_l25,0.79,False,5,0.81,0.015,0.787,0.824,0.78,0.07,0.72,0.89,6.2,12.4,"62,63,64,66,67,68,69,70,71,93,94,95,96,97,173"
lin,2,rbp4lin_r02_l25,0.77,False,5,0.394,0.021,0.368,0.423,0.13,0.3,0.0,0.67,1.0,19.03,"27,28,136,142,143,144,145,146,149,152,153,156,162,163,164,165,166,167"
lin,3,rbp4lin_r03_l21,0.75,False,5,0.822,0.007,0.813,0.831,0.71,0.04,0.65,0.73,5.0,11.99,"63,64,66,67,68,69,70,72,93,94,95,96,172,173,174"
lin,4,rbp4lin_r04_l21,0.78,False,5,0.79,0.008,0.78,0.802,0.71,0.06,0.65,0.8,6.0,13.46,"62,63,65,66,67,68,69,70,91,93,94,95,96,99,173"
lin,6,rbp4lin_r06_l24,0.69,False,5,0.827,0.014,0.814,0.85,0.8,0.07,0.71,0.86,5.2,9.57,"62,63,66,67,68,69,70,71,93,94,95,96,97,172,173"
lin,7,rbp4lin_r07_l20,0.67,False,5,0.575,0.039,0.528,0.625,0.76,0.09,0.64,0.85,3.2,5.29,"63,65,66,67,68,69,70,72,93,94,96,173"
lin,8,rbp4lin_r08_l24,0.66,False,5,0.786,0.031,0.756,0.825,0.6,0.03,0.57,0.64,5.2,28.83,"63,64,67,68,69,70,71,72,93,94,95,96,97"
lin,9,rbp4lin_r09_l19,0.67,False,5,0.787,0.021,0.762,0.817,0.9,0.15,0.67,1.0,3.8,9.37,"63,65,66,67,68,69,93,94,95,96,173"
lin,10,rbp4lin_r10_l21,0.67,False,5,0.73,0.086,0.619,0.809,0.88,0.04,0.83,0.94,5.6,19.21,"62,63,64,65,66,67,68,69,70,71,72,93,94,95,96,97,173"
lin,11,rbp4lin_r11_l23,0.66,False,5,0.538,0.111,0.438,0.7,0.76,0.08,0.62,0.82,5.2,17.81,"58,63,64,66,67,68,69,70,71,72,93,94,95,96,97,172,173,174"
