set,rank,job,bc2_iptm,cyclic,px_iptm,px_ptm,px_plddt,px_contacts,px_hotspots,overlap,jaccard,nc_dist,px_residues
cyc,1,rbp4cyc_r01_l15,0.77,True,0.862,0.948,94.5,11,4,10,0.91,1.39,"62,63,65,66,67,68,69,94,95,96,173"
cyc,2,rbp4cyc_r02_l17,0.74,True,0.683,0.934,92.0,12,3,10,0.67,1.34,"58,66,67,68,69,70,72,93,94,96,173,174"
cyc,3,rbp4cyc_r03_l17,0.79,True,0.326,0.902,89.1,13,3,11,0.69,1.27,"63,65,66,67,68,69,70,72,94,95,96,97,173"
cyc,4,rbp4cyc_r04_l15,0.77,True,0.878,0.955,93.8,30,4,8,0.23,1.34,"24,37,41,42,43,44,45,55,56,57,58,61,67,69,70,71,72,73,74,88,92,93,94,96,97,98,137,172,173,174"
cyc,5,rbp4cyc_r05_l19,0.73,True,0.509,0.918,89.5,22,0,0,0.0,1.33,"27,28,136,140,141,142,143,144,145,146,149,152,153,156,163,164,165,166,167,168,169,170"
cyc,6,rbp4cyc_r06_l16,0.73,True,0.86,0.948,94.4,9,2,7,0.78,1.37,"63,65,66,67,68,69,94,96,173"
cyc,7,rbp4cyc_r07_l16,0.72,True,0.689,0.933,92.4,9,2,8,0.73,1.39,"63,65,66,67,68,69,70,96,173"
cyc,8,rbp4cyc_r08_l14,0.73,True,0.891,0.95,94.2,9,2,8,0.67,1.38,"63,65,66,67,68,69,94,96,173"
cyc,9,rbp4cyc_r09_l20,0.75,True,0.828,0.936,93.1,13,3,7,0.44,1.38,"66,67,68,69,70,71,72,92,93,94,96,97,173"
cyc,10,rbp4cyc_r10_l20,0.66,True,0.513,0.917,89.1,20,0,0,0.0,1.35,"27,28,136,140,141,142,143,144,145,146,149,152,153,156,163,165,167,168,169,170"
lin,1,rbp4lin_r01_l25,0.79,False,0.809,0.942,92.8,15,6,13,0.72,8.96,"62,63,64,66,67,68,69,70,71,93,94,95,96,97,173"
lin,2,rbp4lin_r02_l25,0.77,False,0.383,0.888,86.2,26,0,0,0.0,9.62,"25,26,27,28,136,141,142,143,144,145,146,149,150,152,153,156,162,163,164,165,166,167,168,169,170,171"
lin,3,rbp4lin_r03_l21,0.75,False,0.813,0.945,93.4,14,5,11,0.73,11.28,"63,64,66,67,68,69,70,72,93,94,95,96,173,174"
lin,4,rbp4lin_r04_l21,0.78,False,0.802,0.943,92.2,15,6,11,0.69,13.94,"62,63,65,66,67,68,69,70,91,93,94,95,96,99,173"
lin,6,rbp4lin_r06_l24,0.69,False,0.821,0.944,93.1,15,5,12,0.8,10.51,"62,63,66,67,68,69,70,71,93,94,95,96,97,172,173"
lin,7,rbp4lin_r07_l20,0.67,False,0.567,0.918,91.0,12,3,10,0.77,4.19,"63,65,66,67,68,69,70,72,93,94,96,173"
lin,8,rbp4lin_r08_l24,0.66,False,0.765,0.933,91.9,13,5,8,0.57,28.18,"63,64,67,68,69,70,71,72,93,94,95,96,97"
lin,9,rbp4lin_r09_l19,0.67,False,0.817,0.941,92.8,14,3,10,0.67,10.83,"63,65,66,67,68,69,70,71,72,93,94,96,97,173"
lin,10,rbp4lin_r10_l21,0.67,False,0.801,0.939,92.3,17,6,16,0.89,19.27,"62,63,64,65,66,67,68,69,70,71,72,93,94,95,96,97,173"
lin,11,rbp4lin_r11_l23,0.66,False,0.438,0.9,88.9,18,5,14,0.78,17.16,"58,63,64,66,67,68,69,70,71,72,93,94,95,96,97,172,173,174"
